{"_runtime":208.3637938,"_step":998,"_wandb":{"runtime":208},"loss":-130391.359375,"_timestamp":1.7326404688913882e+09}